CI_lower,CI_upper,p_value,mu_hat
0.719449000899603,0.870020396241637,0,0.795514996325205
