CI_lower,CI_upper,p_value,mu_hat
0.494895699853534,0.558714195623527,0.0417578422605436,0.526587471450543
