CI_lower,CI_upper,p_value,mu_hat
0.781435190972344,0.870118272961596,0,0.831624350191223
